EmployeeID,EmployeeFirstName,EmployeeLastName
10,Becki,Menjivar
11,Marquis,Mischke
12,Luz,Paris
13,Jeanice,Lanz
14,Anthony,Lanz
15,Becki,Mote
16,Leigha,Motsinger
17,Tyisha,Howe
18,Stephania,Paris
19,Marquis,Lupo
20,Augustine,Pecora
21,Margarett,Antes
22,Tami,Wiers
23,Luz,Haslett
24,Becki,Buresh
25,Rubi,Haslett
26,Randy,Noren
27,Diego,Mischke
28,Maribel,Fleishman
29,Jeanice,Howe
30,Laine,Mcnaught
31,Dion,Mote
32,Elroy,Grumbles
33,Qiana,Byron
34,Laine,Fetzer
35,Johnathon,Buresh
36,Dion,Pingree
37,Rubi,Schildgen
38,Michele,Ramage
39,Qiana,Serna
40,Augustine,Mischke
41,Georgianna,Lupo
42,Marquis,Pingree
43,Leigha,Coby
44,Clora,Mischke
45,Bong,Guillemette
46,Rubi,Pepper
47,Thomas,Kazmierczak
48,Lyndia,Mischke
49,Jeanice,Fetzer
50,Tama,Grumbles
51,Jeanice,Stoval
52,Bong,Kucera
53,Rubi,Latson
54,Augustine,Kucera
55,Lloyd,Lanz
56,Buffy,Catt
57,Luz,Catt
58,Luz,Klemp
59,Christeen,Stoval
60,Margarett,Byron
61,Rebecka,Klemp
62,Dion,Michaud
63,Marquis,Paris
64,Blythe,Lupo
65,Margarete,Pecora
66,Bong,Coby
67,Larisa,Pingree
68,Tama,Ramage
69,Sharie,Redner
70,Anthony,Noren
71,Michele,Ramage
72,Augustine,Fleishman
73,Dion,Geddes
74,Bong,Buresh
75,Qiana,Pekar
76,Luz,Menjivar
77,Lawanda,Damron
78,Arden,Guillemette
79,Margherita,Pepper
80,Christeen,Pekar
81,Zonia,Howe
82,Rubi,Haslett
83,Diego,Klemp
84,Elroy,Motsinger
85,Michele,Pingree
86,Laine,Mote
87,Margarete,Klemp
88,Zonia,Menjivar
89,Lloyd,Michaud
90,Lawanda,Geddes
91,Lawanda,Lanz
92,Sharie,Noren
93,Jeanice,Schroeder
94,Becki,Block
95,Joan,Badon
96,Margarete,Damron
97,Becki,Grumbles
98,Tami,Wiers
99,Dion,Fleishman
100,Dion,Pingree
101,Lawanda,Byron
102,Qiana,Pingree
103,Raleigh,Coby
104,Margarete,Mischke
105,Arden,Schroeder
106,Nancie,Volkman
107,Sharie,Volkman
108,Tama,Haslett
109,Blythe,Mote
110,Jeanice,Center
111,Anthony,Buresh
112,Lyndia,Paris
113,Nancie,Michaud
114,Samatha,Pekar
115,Dion,Haslett
116,Rubi,Buresh
117,Dion,Wiers
118,Diego,Buresh
119,Buffy,Byron
120,Tami,Catt
121,Augustine,Pecora
122,Tami,Howe
123,Johnathon,Guillemette
124,Tomi,Catt
125,Thomas,Grisby
126,Leigha,Wrona
127,Lawanda,Antes
128,Raleigh,Guillemette
129,Georgianna,Byron
130,Zonia,Michaud
131,Samatha,Schroeder
132,Bong,Schildgen
133,Nancie,Grisby
134,Augustine,Buresh
135,Maribel,Grisby
136,Randy,Lanz
137,Samatha,Byron
138,Joan,Menjivar
139,Lyndia,Antes
140,Arden,Byron
141,Bong,Block
142,Rubi,Volkman
143,Tyisha,Stoval
144,Becki,Wiers
145,Randy,Kucera
146,Margarett,Mongold
147,Camellia,Schroeder
148,Blythe,Mcnaught
149,Alejandro,Damron
150,Augustine,Wiers
151,Maribel,Latson
152,Margarett,Drews
153,Becki,Guillemette
154,Arden,Schroeder
155,Tama,Pepper
156,Christeen,Motsinger
157,Rubi,Paris
158,Augustine,Coby
159,Buffy,Latson
160,Laine,Klemp
161,Alejandro,Drews
162,Sharie,Noren
163,Alejandro,Drews
164,Clora,Howe
165,Samatha,Menjivar
166,Randy,Lanz
167,Margarete,Fleishman
168,Clora,Wrona
169,Dion,Fleishman
170,Clora,Drews
171,Tami,Geddes
172,Raleigh,Schroeder
173,Qiana,Pepper
174,Lyndia,Ramage
175,Tami,Mcnaught
176,Stephania,Haslett
177,Laine,Block
178,Lyndia,Badon
179,Marquis,Culton
180,Maribel,Michaud
181,Randy,Block
182,Margarete,Howe
183,Anthony,Lanz
184,Nancie,Mote
185,Lloyd,Catt
186,Laine,Motsinger
187,Augustine,Roberie
188,Becki,Schroeder
189,Tyisha,Mongold
190,Marquis,Schildgen
191,Tami,Noren
192,Lyndia,Menjivar
193,Sharie,Mote
194,Alejandro,Badon
195,Margarete,Lanz
196,Rubi,Redner
197,Yuri,Byron
198,Tyisha,Ramage
199,Lawanda,Kucera
200,Margarete,Fleishman
201,Lloyd,Fetzer
202,Lyndia,Geddes
203,Tyisha,Antes
204,Arden,Kucera
205,Alejandro,Volkman
206,Blythe,Paris
207,Margarett,Geddes
208,Stephania,Klemp
209,Blythe,Block
210,Clora,Badon
211,Larisa,Wrona
212,Dion,Kazmierczak
213,Christeen,Schroeder
214,Tomi,Buresh
215,Tami,Redner
216,Lyndia,Noren
217,Augustine,Mischke
218,Yuri,Pekar
219,Randy,Wrona
220,Joan,Serna
221,Diego,Schildgen
222,Georgianna,Klemp
223,Augustine,Latson
224,Larisa,Roberie
225,Raleigh,Geddes
226,Jeanice,Kazmierczak
227,Arden,Paris
228,Anthony,Kazmierczak
229,Michele,Motsinger
230,Bong,Guillemette
231,Nancie,Lanz
232,Clora,Schildgen
233,Marquis,Pecora
234,Joan,Volkman
235,Anthony,Fleishman
236,Blythe,Motsinger
237,Arden,Mayoral
238,Dion,Pingree
239,Dion,Haslett
240,Jeanice,Wrona
241,Joan,Damron
242,Yuri,Menjivar
243,Lawanda,Block
244,Lyndia,Latson
245,Yuri,Guillemette
246,Gaylene,Geddes
247,Georgianna,Redner
248,Tami,Pekar
249,Tyisha,Ramage
250,Rubi,Center
251,Elroy,Mote
252,Alejandro,Badon
253,Gaylene,Mayoral
254,Tama,Mischke
255,Arden,Byron
256,Yuri,Wrona
257,Anthony,Mote
258,Samatha,Drews
259,Lawanda,Mote
260,Margarett,Center
261,Georgianna,Haslett
262,Laine,Menjivar
263,Raleigh,Fleishman
264,Lawanda,Schroeder
265,Tomi,Kucera
266,Randy,Kazmierczak
267,Tomi,Mayoral
268,Lyndia,Redner
269,Joan,Mote
270,Rubi,Pepper
271,Augustine,Badon
272,Augustine,Grumbles
273,Camellia,Pecora
274,Christeen,Damron
275,Tyisha,Volkman
276,Camellia,Fetzer
277,Rubi,Mischke
278,Erasmo,Center
279,Augustine,Menjivar
280,Tomi,Fleishman
281,Elida,Lanz
282,Qiana,Byron
283,Tami,Lupo
284,Margherita,Pingree
285,Luz,Pepper
286,Margarete,Klemp
287,Thomas,Latson
288,Camellia,Pecora
289,Randy,Howe
290,Tyisha,Guillemette
291,Margherita,Badon
292,Buffy,Catt
293,Elida,Block
294,Bong,Mischke
295,Margarett,Serna
296,Leigha,Pekar
297,Randy,Kazmierczak
298,Anthony,Michaud
299,Joan,Schildgen
300,Luz,Mischke
301,Jeanice,Byron
302,Stephania,Roberie
303,Randy,Schildgen
304,Tomi,Drews
305,Margarete,Catt
306,Arden,Buresh
307,Clora,Wiers
308,Maribel,Volkman
309,Rubi,Antes
310,Sharie,Wiers
311,Dion,Menjivar
312,Margherita,Mischke
313,Johnathon,Lanz
314,Georgianna,Klemp
315,Tami,Guillemette
316,Lloyd,Damron
317,Georgianna,Pekar
318,Christeen,Center
319,Qiana,Mischke
320,Tama,Byron
321,Larisa,Grisby
322,Blythe,Geddes
323,Randy,Mischke
324,Rubi,Haslett
325,Tomi,Latson
326,Lloyd,Fleishman
327,Georgianna,Mcnaught
328,Blythe,Schroeder
329,Elroy,Culton
330,Tyisha,Geddes
331,Tama,Culton
332,Dion,Lanz
333,Bong,Roberie
334,Samatha,Mongold
335,Sharie,Byron
336,Elida,Pekar
337,Joan,Noren
338,Blythe,Pingree
339,Maribel,Pepper
340,Leigha,Motsinger
341,Elroy,Schroeder
342,Margarete,Catt
343,Margarett,Mongold
344,Elida,Mcnaught
345,Rebecka,Pingree
346,Christeen,Guillemette
347,Zonia,Mote
348,Blythe,Redner
349,Becki,Wiers
350,Randy,Lanz
351,Tomi,Fetzer
352,Tama,Coby
353,Samatha,Klemp
354,Elida,Schroeder
355,Augustine,Lanz
356,Leigha,Redner
357,Alejandro,Schewe
358,Leigha,Menjivar
359,Randy,Latson
360,Maribel,Schewe
361,Anthony,Pekar
362,Stephania,Latson
363,Arden,Kucera
364,Qiana,Catt
365,Tomi,Mischke
366,Raleigh,Klemp
367,Elida,Fetzer
368,Augustine,Schildgen
369,Elroy,Ramage
370,Jeanice,Fetzer
371,Leigha,Redner
372,Tami,Grisby
373,Joan,Lanz
374,Tomi,Badon
375,Georgianna,Stoval
376,Luz,Fetzer
377,Arden,Lupo
378,Zonia,Paris
379,Georgianna,Lupo
380,Thomas,Pekar
381,Dion,Coby
382,Tami,Klemp
383,Dion,Center
384,Tomi,Redner
385,Qiana,Mayoral
386,Gaylene,Badon
387,Lloyd,Haslett
388,Maribel,Mayoral
389,Michele,Wiers
390,Clora,Pepper
391,Bong,Fleishman
392,Raleigh,Pingree
393,Tomi,Latson
394,Raleigh,Culton
395,Arden,Klemp
396,Johnathon,Grisby
397,Yuri,Paris
398,Elroy,Howe
399,Raleigh,Wrona
400,Camellia,Schildgen
401,Michele,Schewe
402,Tama,Culton
403,Thomas,Catt
404,Joan,Ramage
405,Stephania,Fleishman
406,Randy,Pingree
407,Gaylene,Grisby
408,Lloyd,Kucera
409,Margherita,Pingree
